query_name,runs,best_ms,avg_ms,rows_returned
fact_original,7,8.307199999762815,9.49719999984414,261
aggregated_table,7,2.6068999995914055,3.8782571427873336,261
