query_name,runs,best_ms,avg_ms,rows_returned
fact_original,7,8.648200000607176,9.30222857121927,261
aggregated_table,7,2.72190000032424,3.033914285489508,261
