query_name,runs,best_ms,avg_ms,rows_returned
fact_original,7,8.278099999643018,9.486614285573783,261
aggregated_table,7,2.863600000182487,3.402685714328462,261
