query_name,runs,best_ms,avg_ms,rows_returned
fact_original,7,7.433500000843196,8.787771428615088,261
aggregated_table,7,2.442499999233405,2.6847428572572034,261
