query_name,runs,best_ms,avg_ms,rows_returned
fact_original,7,8.843300001899479,10.138385714526521,261
aggregated_table,7,2.6385999990452547,3.002199999692883,261
