query_name,runs,best_ms,avg_ms,rows_returned
fact_original,7,7.3571000000356435,8.513014285751654,261
aggregated_table,7,2.5454999999965366,2.7999142857229993,261
