query_name,runs,best_ms,avg_ms,rows_returned
fact_original,7,6.849200000033306,9.274185714308,261
aggregated_table,7,2.3393000001306063,2.6063428572017853,261
