query_name,runs,best_ms,avg_ms,rows_returned
fact_original,7,8.725300000151037,9.763800000135754,261
aggregated_table,7,2.958500001113862,3.1486285715800477,261
