query_name,runs,best_ms,avg_ms,rows_returned
fact_original,7,7.652000000234693,8.336157143535925,261
aggregated_table,7,2.9515000023820903,3.2487428579770494,261
