query_name,runs,best_ms,avg_ms,rows_returned
fact_original,7,12.185499999759486,14.189685714362506,261
aggregated_table,7,3.87840000075812,4.913100000132025,261
