query_name,runs,best_ms,avg_ms,rows_returned
fact_original,7,6.9733000000269385,7.730342857160265,261
aggregated_table,7,2.4727999998503947,2.7783857142042376,261
